sent_to,count
NHS England,198
Department of Health and Social Care,187
Care Quality Commission,85
HM Prison and Probation Service,54
Department for Transport,36
Home Office,32
National Institute for Health and Care Excellence,32
Ministry of Justice,32
Network Rail,31
Health and Safety Executive,27
Highways England,26
Leeds Teaching Hospitals NHS Trust,26
Betsi Cadwaladr University Health Board,24
Department for Education,24
National Police Chiefs’ Council,22
Pennine Care NHS Trust,22
Greater Manchester Health & Social Care Partnership,19
Wales Ambulance Service NHS Trust,19
North East London Foundation Trust,18
Metropolitan Police,17
Care UK,17
Medicines and Healthcare Products Regulatory Agency,17
Greater Manchester Police,16
Barts Health NHS Trust,15
NHS Improvement,15
College of Policing,15
University Hospitals Plymouth NHS Trust,15
Medicines & Healthcare products Regulatory Agency,15
Metropolitan Police Service,14
East London NHS Trust,14
Aneurin Bevan University Health Board,14
Clinical Commissioning Group,14
Pennine Care NHS Foundation Trust,13
Birmingham and Solihull Mental Health Foundation Trust,13
HM Prison,13
Probation Service,13
Nottingham University Hospital NHS Trust,13
NHS Trafford Clinical Commissioning Group,13
Civil Aviation Authority,13
Cardiff and Vale University Health Board,12
Worcestershire Acute Hospitals NHS trust,12
Norfolk and Suffolk NHS Trust,12
Midlands Partnership NHS Foundation trust,12
Public Health England,12
General Medical Council,11
Betsi Cadwaladr University Health Board BCUHB,11
Cwm Taf Morgannwg University Health Board,11
Royal London Hospital,11
Royal College of Obstetricians and Gynaecologists,11
Stockport NHS Foundation Trust,11
Greater Manchester Mental Health NHS Foundation Trust,11
Sussex Partnership NHS Trust,10
Sheffield Teaching Hospitals NHS Foundation Trust,10
ABMU Health Board,10
Barts Health NHS Foundation Trust,10
Department of Transport,10
HMP Pentonville,10
East Midlands Ambulance Service,10
Transport for London,10
Queen Elizabeth Hospital,10
West Midlands Police,10
Gloucestershire Hospital NHS Foundation Trust,9
Cornwall Council,9
NHS Digital,9
Tameside & Glossop Integrated Care NHS Foundation Trust,9
Birmingham City Council,9
Welsh Ambulance Services NHS Trust,9
Essex Partnership NHS Trust,9
National Institute for Health & Care Excellence,9
Driver & Vehicle Licensing Agency,9
Avon and Wiltshire Mental Health NHS Trust,9
University Health Board,9
Homerton Healthcare NHS Foundation Trust,9
Medway NHS Foundation Trust,9
Durham County Council,9
National Probation Service,8
Central and North West London NHS Trust,8
North West Ambulance Service,8
Milton Keynes University Hospital,8
Oxleas NHS Trust,8
Camden & Islington NHS Trust,8
St George’s Hospital,8
London Ambulance Service,8
East Lancashire Hospitals NHS Trust,8
Secretary of State for Health,8
NHS Pathways,8
Sussex Police,8
G4S,8
Welsh Assembly Government,7
Warwickshire County Council,7
Portsmouth Hospitals NHS Trust,7
Department of Education,7
South London and Maudsley NHS Foundation Trust,7
Nursing and Midwifery Council,7
Stockport NHS Trust,7
United Lincolnshire Hospital Trust,7
East of England Ambulance Service,7
HC One,7
East London NHS Foundation Trust,7
West Sussex County Council,7
South East Coast Ambulance Service,6
South Central Ambulance Service,6
Tameside General Hospital,6
Royal Bolton Hospital,6
Birmingham CCG,6
East Kent Hospitals University NHS Foundation Trust,6
Brighton & Sussex University Hospitals NHS trust,6
Sandwell and West Birmingham NHS Trust,6
British Medical Association,6
Surrey Police,6
Calderdale Council,6
Royal Stoke University Hospital,6
Kings College Hospital,6
Maidstone & Tonbridge Wells NHS Trust,6
Association of Ambulance Chief Executives,6
West Midlands Ambulance Service,6
Powys County Council,6
North East Ambulance Service NHS Foundation Trust,6
Lincolnshire County Council,6
Avon Fire and Rescue Services,6
MOD,6
Welsh Government,6
Worcestershire Health Care and NHS Trust,6
North Bristol NHS Trust,6
Norfolk and Norwich University Hospital,6
Stockport Clinical Commissioning Group,5
Greater Manchester Integrated Care,5
Great Western Hospital NHS Trust,5
Kent County Council,5
Gloucestershire Hospitals NHS Trust,5
Stockport CCG,5
Devon Partnership Trust,5
Midlands Partnership NHS Trust,5
Oxford Health NHS Trust,5
Birmingham and Solihull CCG,5
EPUT,5
Shrewsbury and Telford NHS Trust,5
Manchester University NHS Trust,5
University Hospitals of Birmingham NHS Foundation Trust,5
Highways Department,5
Essex Police,5
Essex Partnership University NHS Foundation Trust,5
South Wales Police,5
Surrey County Council,5
South Staffordshire & Shropshire NHS Trust,5
Healthcare Safety Investigation Branch,5
Milton Keynes CCG,5
Hampshire County Council,5
Joint Royal Colleges Ambulance Liaison Committee,5
Wrightington Wigan and Leigh NHS Trust,5
Ministry of Defence,5
Royal College of Psychiatrist,5
Heart of England NHS Trust,5
"Tees, Esk and Wear Valley NHS Trust",5
Royal College Emergency Medicine,5
Walsall Healthcare NHS Trust,5
Hellesdon Hospital,5
Cumbria County Council,5
Swansea Bay University Health Board,5
Central & North West London NHS Foundation Trust,5
Southern Health NHS Trust,4
The Home Office,4
Driver and Vehicle Standards Agency,4
Dyfed-Powys Police,4
Calderdale and Huddersfield NHS Trust,4
Whittington Health NHS Trust,4
Nottinghamshire Healthcare NHS Trust,4
NHS,4
Manchester University NHS Foundation Trust,4
The Home Secretary,4
South Western Railway,4
The Royal College of General Practitioners,4
St George’s University Hospitals NHS Foundation Trust,4
Norfolk and Suffolk NHS Foundation Trust,4
The Dudley NHS Trust,4
Wye Valley NHS Trust,4
Dorset Police,4
Department for Digital Culture Media and Sport,4
Mid Yorkshire Hospitals NHS Trust,4
Tameside and Glossop CCG,4
University Hospital Southampton NHS Foundation Trust,4
Cornwall Partnership Foundation Trust,4
Department of Business Energy and Industrial Strategy,4
Wiltshire Police,4
Dept. of Health and Social Care,4
Maritime and Coastguard Agency,4
New Cross Hospital,4
Devon Partnership NHS Trust,4
Cheshire East Council,4
CNWL NHS Trust,4
Stepping Hill Hospital,4
Staffordshire County Council,4
REDACTED,4
East Midlands Ambulance Service NHS Trust,4
University Hospital of North Midalnds,4
Royal Cornwall Hospital,4
Secretary of State,4
Birmingham Community Healthcare NHS Foundation Trust,4
Salford Royal Hospital,4
Oxleas NHS Foundation Trust,4
Royal United Hospitals,4
Royal Pharmaceutical Society,4
HMP Long Lartin,4
Royal Free Hospital,4
Plymouth Hospitals NHS Trust,4
HMP Woodhill,4
Secretary of State for Justice,4
Royal College of Physicians,4
Royal College of Paediatrics and Child Health,4
Isle of Wight NHS Trust,4
Welsh Ambulance Service,4
Royal College of Anaesthetists,4
Welsh Ambulance NHS Trust,4
Health Education England,4
Practice Plus Group,4
Hywel Dda University Health Board,4
Leicestershire Partnership NHS Trust,4
Kernow Clinical Commissioning Group,4
Western Sussex Hospital Trust,4
SoS for Health and Social Care,4
Sheffield City Council,4
West Yorkshire Police,4
Black Country Partnership NHS Trust,4
South Central Ambulance Service NHS Trust,4
HMPPS,3
Royal College of Midwives,3
Cheshire East Highways Department,3
The Caravan Club,3
Luton and Dunstable Hospital,3
Cornwall NHS Trust,3
Royal College of Surgeons,3
The Department for Work and Pensions,3
London Borough of Camden,3
Tameside and Glossop Care NHS Trust,3
Coventry & Warwickshire Partnership NHS Trust,3
James Paget University Hospital,3
Royal College of GPs,3
St George’s University Hospital,3
TFL,3
East Sussex County Council,3
NHS Wales,3
NHS Northern Eastern and Western Devon Clinical Commissioning Group,3
The Office of Rail & Road,3
The Nursing Midwifery Council,3
The Northern Care Alliance NHS Trust,3
NHS England & NHS Improvement,3
National Highways,3
Resuscitation Council,3
Heathview Medical Practice,3
London Borough of Tower Hamlets,3
South Western Ambulance Service,3
London Borough of Lewisham,3
London North West University Healthcare NHS Trust,3
The Highways Agency,3
The Great Western Hospital NHS Foundation Trust,3
Norfolk County Council,3
Swindon Borough Council,3
Maritime Coastguard Agency,3
North West Anglia NHS Foundation Trust,3
North West Boroughs Healthcare NHS Foundation Trust,3
Medway Maritime Hospital,3
North Manchester General Hospital,3
Salford Royal NHS Trust,3
Leed City Council,3
Devon NHS Trust,3
Leeds and York Partnership NHS Foundation Trust,3
North Yorkshire County Council,3
Devon and Cornwall Police,3
Gloucestershire County Council,3
General Pharmaceutical Council,3
Doncaster Royal Infirmary,3
Doncaster and Bassetlaw Hospital NHS Foundation Trust,3
St Peter’s Hospital,3
Medway NHS Trust,3
Lancashire Care NHS Trust,3
East London Foundation Trust,3
Camden and Islington NHS Foundation Trust,3
Food Standards Agency,3
OFSTED,3
Cwm Taf Health Board,3
HMP Durham,3
Surrey and Borders Partnership NHS Foundation Trust,3
Mid Yorkshire NHS Trust,3
Surrey & Borders Partnership NHS Trust,3
North Cumbria University Hospitals NHS Trust,3
HM Prison Service,3
Egton Medical Information Systems,3
Department for Housing Communities and Local Government,3
Lincolnshire County Council Highways Department,3
Sunderland City Council,3
Pennine Acute NHS Trust,3
The Priory Group,3
,3
Bedford Hospital NHS Trust,3
Various recipients – please see the report,3
Barts NHS Trust,3
Whittington Hospital NHS Trust,3
Brighton and Sussex University Hospitals NHS Trust,3
West Wales General Hospital,3
Bedfordshire Police,3
The Showmen’s Guild of Great Britain,3
Various,3
Turning Point,3
Welsh Ambulance Trust,3
University Hospital Lewisham,3
Advisory Council on the Misuse of Drugs,3
University Hospital of Derby and Burton,3
Birmingham Women’s and Children’s NHS Trust,3
University Hospitals of Leicester NHS Trust,3
Trafford Borough Council,3
West London Mental Health Trust,3
Trafford Clinical Commissioning Group,3
Warwick Hospital,3
Northumbria Police,2
Oxfordshire County Council,2
South West Yorkshire NHS Trust,2
Derriford Hospital,2
West Park Hospital NHS Trust,2
Leicestershire NHS Trust,2
Borough Care,2
Southampton County Council,2
East of England Ambulance Service NHS Trust,2
One Hosing Group,2
Southampton General Hospital,2
Oldham Council,2
Oldham CCG,2
Bournemouth Christchurch and Poole Council,2
Derriford Hospital Trust,2
United Lincolnshire Hospital,2
West Suffolk Hospital,2
Stoke on Trent City Council,2
Devon and Cornwall Constabulary,2
Lincolnshire Police,2
West Mercia Police,2
Ford UK,2
Solent NHS Trust,2
Lancashire Constabulary,2
Department of Environment Food and Rural Affairs,2
South East Ambulance Service,2
South Lincolnshire Clinical Commissioning Group,2
University Hospitals Coventry and Warwickshire NHS Trust,2
Essex Partnership University Trust,2
University Hospitals Bristol,2
Essex Highways Agency,2
South London & Maudsley NHS Trust,2
Bolton Council,2
Epsom & St Helier University Hospital NHS Trust,2
South Manchester University Hospital NHS Trust,2
MFT,2
East Leicestershire and Rutland CCG,2
Devon County Council,2
Nottingham County Council,2
Bristol City Council,2
Dorset Healthcare University NHS Foundation Trust,2
London Borough of Southwark,2
London Borough of Sutton,2
Nottingham City Clinical Commissioning Groups,2
Dorset Council,2
St Pancras Hospital,2
Doncaster and Bassetlaw Hospital NHS Trust,2
Bristol Community Health,2
St Richard’s Hospital,2
London Heliport,2
Nottinghamshire County Council,2
Bristol University,2
Staffordshire Fire and Rescue Service HQ,2
Stockport Borough Council,2
British Cycling,2
Dorset Highways Department,2
Brighton and Sussex University Hospitals,2
British Maritime Federation,2
UCAS,2
Office for Product Safety and Standards,2
Bradford District Care NHS Trust,2
Barking Havering and Redbridge NHS Trust,2
Liverpool City Council,2
Whirlpool UK Appliances,2
East & North Hertfordshire NHS Trust,2
Liverpool Heart and Chest Hospital,2
"Foreign, Commonwealth & Development Office",2
Local Government Association,2
EMIS Health,2
Luton Borough Council,2
Brighton and Hove City Council,2
Dudley and Walsall Mental Health NHS Trust,2
Dudley Group of Hospitals NHS Trust,2
London Borough of Hackney,2
HMP Exeter,2
Kettering General Hospital NHS Foundation Trust,2
Shropshire Community Health NHS Trust,2
HMP Preston,2
HMP Wormwood Scrubs,2
RSSB,2
HMP Winchester,2
HMP Wandsworth,2
HMP Swansea,2
Hillingdon Hospital NHS Trust,2
Royal Devon and Exeter NHS Trust,2
HMP Rochester,2
HMP Portland,2
Royal College of Radiologists,2
Queen’s Hospital,2
Queens Elizabeth Hospital NHS Trust,2
HMP Lindholme,2
HMP Leeds,2
Home Secretary,2
Homerton University Hospital,2
HMP Hewell,2
Royal National Lifeboat Institute,2
HMP Wymott,2
Walsall Manor Hospital,2
Kirklees Council,2
Royal Berkshire NHS Foundation Trust,2
Road Haulage Association,2
Barchester Healthcare,2
Herefordshire Council,2
Herefordshire and Worcestershire Health and Care NHS Trust,2
Watford General Hospital,2
Hertfordshire Constabulary,2
Hertfordshire County Council,2
Rotherham Doncaster and South Humber NHS Foundation Trust,2
Barnsley District General Hospital,2
Royal College of Pathologists,2
Hampshire and Isle of Wight CCG,2
Royal Bolton Hospitals NHS Trust,2
Hampshire Constabulary,2
Highway and Transport  Wiltshire Council,2
Highways Agency,2
Royal College of Nursing,2
Banes Park and Services,2
Royal College of Paediatricians,2
Royal National Lifeboat Institution,2
HMP Dovegate,2
HMP Birmingham,2
Kent Police,2
Police and Crime Commissioner,2
Gloucestershire Care Services NHS Trust,2
John Radcliffe Hospital,2
BCP Council,2
BAE Systems Ltd,2
George Eliot Hospital,2
George Eilot Hospital NHS Trust,2
Gateshead Health NHS Trust,2
GMMH NHS Trust,2
HMP Bedford,2
Kent and Medway NHS Trust,2
GEOAmey,2
Black Country NHS Foundation Trust,2
Avon and Wiltshire NHS Mental Health Trust,2
Kettering General Hospital,2
Department of Culture Media and Sport,2
Frimley Park Hospital,2
King’s College Hospital NHS Foundation Trust,2
Birmingham Cross City CCG,2
Gloucestershire NHS Trust,2
Birmingham & Solihull Mental Heath NHS Trust,2
Portsmouth City Council,2
HMCTS,2
Product Safety and Standards,2
Baedling Manor Care Home,2
HM Inspector of Railways,2
HM Inspector of Prisons,2
Guys & St Thomas NHS Trust,2
Incommunities,2
Greater Manchester West Mental Health NHS Trust,2
Greater Manchester NHS Area Team,2
SECAMBS,2
Prestwich Hospital,2
Greater Manchester Combined Authority,2
International Academics of Emergency Dispatch,2
Powys Teaching Health Board,2
Sainsbury’s,2
BT,2
Betsi Cadwaladr University Local Health Board,2
British Society for Allergy and Clinical Immunology,2
Warwickshire Police,2
Department of Communities and Local Government,2
Wiltshire Council,2
Cormac,2
National Trust for the Isle of Wight,2
Advisory Panel on Deaths in Custody,2
Tandridge District Council,2
Tameside and Glossop Clinical Commissioning Group,2
Bury Metropolitan Borough Council,2
Cornwall and Isles of Scilly Safeguarding Adults Board,2
Milton Keynes Council,2
Tameside Metropolitan Borough Council,2
County Durham and Darlington NHS Trust,2
Tameside Hospital NHS Trust,2
North Essex Mental Health Partnership Trust,2
The Royal Yachting Association,2
Coventry and Warwickshire NHS Trust,2
The Highways Authority,2
Central Manchester University Hospitals NHS Foundation Trust,2
Tameside CCG,2
North Lincolnshire Council,2
National Police Chiefs Council,2
Yorkshire Ambulance Service,2
National Fire Chiefs,2
Wigan Council,2
Care UK Clinical Services,2
CAFCASS,2
Tendering District Council,2
National Association of Ambulance Medical Directors,2
Adult Social Services,2
The Canal and River Trust,2
Milton Keynes Hospital,2
Churchgate Surgery,2
The Care Quality Commission,2
City Hospitals NHS Trust,2
Military of Defence,2
The Chief Fire Officer’s Association,2
Worcester Health and care Trust,2
The College of Policing,2
The Barking Havering and Redbridge University NHS Trust,2
The Commissioner of Police of the Metropolis,2
Chesterfield Royal Hospital NHS Foundation Trust,2
Chesterfield Royal Hospital,2
Mid and South Essex NHS Foundation Trust,2
Wolverhampton City Council,2
Cheshire and Wirral NHS Trust,2
New Lodge Nursing Home,2
Adult Safeguarding Kent County Council,2
North Cumbria University NHS Trust: NHS England,2
Thames Valley Police,2
North Cumbria integrated Care Trust,2
Committee on Vaccination and Immunisation,2
North East Ambulance Service,2
Tower Hamlets Borough Council,2
Wythenshawe Hospital,2
Cardiff University,2
Denbighshire County Council,2
Cambridge and Peterborough NHS Trust,2
5 Borough Partnership NHS Trust,2
Sussex NHS Trust,2
NHS Lothian Scotland,2
Surrey and Sussex Healthcare NHS Trust,2
2gether NHS Trust,2
Trafford CCG,2
Manchester Mental Health and Social Care Trust,2
Cumbria Northumberland Tyne & Wear NHS Trust,2
Capita,2
Manchester Mental Health NHS Trust,2
The Priory Hospital,2
Sunrise Senior Living,2
Trafford Metropolitan Borough Council,2
Canal and River Trust,2
Northern Health and Social Care Trust,2
Trading Standards,2
The Cambian Group,2
The National Institute for Health and Care Excellence,2
Yorkshire Ambulance Service NHS Foundation Trust,1
Radcliffe Manor House Care Home,1
Pret a Manger,1
National Ambulance Service Medical Directors,1
Primary Care Support England,1
Resuscitation Council UK,1
Prime Life Limited,1
Newbury Park Health Centre,1
Prime Minister's Office,1
Newark and Sherwood,1
Primebulk Shipmanagement Limited,1
Princess Alexander Hospital,1
National Autistic Society,1
Princess Alexandra Hospital,1
Princess Royal Hospital,1
New Scotland Yard,1
National Clinical Director for Children & Young People,1
Princess Royal University Hospital,1
Priority Dispatch Corporation,1
New Cross Hospital NHS Trust,1
Your Housing,1
Priory Group,1
Wells Road Surgery,1
Priory Group of Hospitals,1
Priory Hospital,1
Your Health Limited,1
Wrexham County Borough Council,1
Resuscitation Council (UK),1
Richmond Clinic,1
President of the Royal College of Pathologists,1
Prism Medical UK Ltd,1
Premier Rescue Ambulance Services,1
Roads and Highways – Kirklees Council,1
Police and Prisons Ombudsman,1
Road Highways Safety related deaths,1
Police of Metropolis,1
Policy and Commissioning Manager,1
Waste Industry Safety & Health Forum,1
NHS University Hospital Bristol NHS Trust,1
Riverside Rest Home,1
Worthing Homes,1
Newton House formerly Regency Hospital,1
Policy and Patient Safety Directorate,1
Ritchie Street Group Practice,1
Porthleven Harbour and Dock Company,1
Welsh Ambulance Service Trust WAST,1
Welsh Ambulance Service Trust,1
Portsmouth Motocross Club,1
Newport County Council,1
Newcastle Upon Tyne NHS Trust,1
Risedale Estates Limited,1
Waveney River Centre,1
Newcastle Upon Tyne City Council,1
Wellsky,1
Zelltec Limited,1
Richmond Medical Centre,1
Prembrokeshire County Council,1
Priory Hospital Roehampton,1
Prison Officers Association,1
RDaSH NHS Trust,1
We Are With You charity,1
National Trading Standards,1
National Screening Committee,1
Queen Elizabeth Hospital Trust,1
National Rail Infrastructure Limited,1
Nant y Gaer Hall Nursing Home,1
Regenesis Health Travel Limited,1
Regard Care,1
National Health Service,1
Reed Nursing Trust,1
Weightmans LLP,1
Redbridge CCG,1
National Police Council,1
Red House Surgery,1
Queen Elizabeth Hospital King’s Lynn NHS Foundation Trust,1
RICS,1
Queen Mary’s Hospital for Children,1
National Ambulance Resilience Unit,1
Queen Victoria NHS Trust,1
Yorkshire Water PLC,1
Reckitt Benckisher Healthcare UK Ltd,1
YOI Doncaster,1
Wayland Farms Limited,1
RCI,1
RCPLT,1
National Ambulance Service,1
Yorkshire Care Equipment,1
RPFI,1
Weightmans’s Solicitors,1
Wrexham County Council,1
Prospect Park Hospital,1
Radcliffe Investment Properties,1
National Express West Midlands,1
New Court Surgery,1
NHSBT Head Office,1
Prison and Probation Ombudsman,1
Youngman,1
NPS/NOMS,1
Wychall Lane Surgery,1
Rambleguard Ltd,1
Neville Hall Hospital,1
Proprietary Association,1
Renal Association,1
Public Health,1
Public Health for the Isle of Wight,1
Wells Pharmacy,1
Reinbek Care Home,1
Wychavon District Council,1
Neasham Road Surgery,1
Regulatory Counsel and Disciplinary Officer,1
Youth Justice Board for England and Wales,1
National Trust,1
NSPCC,1
National Tree Safety Group,1
Public Health Suicide Prevention Group,1
Ranc Care Home Ltd,1
National Trading Standards Board,1
Ramsay Healthcare UK,1
Persimmon Homes Severn Valley,1
Police Service of Northern Ireland Belfast,1
ORCi,1
North Somerset Clinical Commissioning Group,1
West Yorkshire Fire and Rescue Service,1
North Somerset Council,1
North Tyneside General Hospital,1
North Tyneside Hospital,1
North Wales Police,1
North West Ambulance,1
North West Ambulance Service Trust NHS,1
Nuttall Ltd,1
Westlands Care Home,1
Weston Area Health NHS Trust,1
Wigan Borough Clinical Commissioning Group,1
Widnes Hall Care Home,1
Nursing & Midwifery Council,1
Nuffield Hospital,1
West Timperley Medical Centre,1
OUH NHS Foundation Trust,1
Old Catton Medical Practice,1
Oadby and Wigston Borough Council,1
Wigan Life Centre,1
West Sussex Clinical Commissioning Group,1
Office of the Traffic Commissioner,1
North Essex Partnership University NHS Foundation,1
North Essex University NHS Trust,1
North Laine Medical Centre,1
Oasis Recovery Communites,1
Oaks Medical Centre,1
Wigan Discharge Team,1
North Middlesex Hospital,1
North Middlesex University Hopsital,1
Oakridge House Residential Home,1
"Oak Court House, Wolverhampton City Council",1
North Midlands NHS Trust,1
North NHS Trust,1
Wibsey and Queensbury Medical Practice,1
Weston NHS Foundation Trust,1
Nuffield Health,1
Nottinghamshire Safeguarding Children Board,1
Nottingham City Council,1
Nottingham CCG,1
Northamptonshire Police,1
Northern Care Alliance,1
Norwich Practices Health Centre,1
Northern Care Alliance NHS Group,1
Northern Care Limited,1
Northumbria Water,1
Northumbria Police Service,1
White Branch Live Limited,1
Northumbria Health Trust,1
Northumbria Health Care Trust,1
Whiston Hospital,1
Northfield Medical Practice,1
Northern Rail Limited,1
Northamptonshire Healthcare NHS Trust,1
Nottingham Healthcare NHS Trust,1
Northamptonshire County Council,1
Whipps Cross Hospital,1
North West Motorway Police Group,1
Nottinghamshire Healthcare Trust,1
Whittington Hospital,1
North Yorkshire County Council Highways Authority,1
Weymouth Street Hospital,1
Whitepost healthcare Group,1
Whitelock Development,1
Northampton General Hospital Trust,1
Nottingham West,1
North Yorkshire Police,1
Whirlpool UK,1
Nottingham Police,1
Nottingham North and East,1
Nottingham Healthcare Trust,1
William Perkin High School,1
Oldham Care Commissioning Group,1
Worcestershire NHS Trust,1
Woodley Centre Surgery,1
Normanton Village View Nursing Home,1
Pentree Lodge Home,1
Pennine NHS Trust,1
Welsh Government Office,1
West Ambulance Service Trust,1
West London Mental Health NHS Trust,1
Wood Street Medical Centre,1
Pennine Care Mental Health Trust,1
North & Mid Wales Trunk Road Agency,1
Pennine Care Health Foundation NHS Trust,1
Wirral University Hospital Trust,1
Windmill House Care Home,1
"Pelham House, West Sussex",1
Peel Medical Practice,1
Peel Holdings,1
Woodlands Hospital,1
Woolwich Station Medical Centre,1
North East London Trust,1
Northern Rail,1
Next Stage,1
Plymouth Highways – Plymouth City Council,1
Pluss Work Choice,1
Nightingale Hospital,1
Pinderfields General Hospital,1
Physio Control UK Ltd,1
Phuket Highway District,1
Phoenix Care Centre,1
Welsh Cycling,1
Worcestershire County Council,1
Philips Electronics UK Ltd,1
Pfizer,1
Persona Care and Support Ltd,1
Norfolk County Council Adult Social Care,1
Worcestershire Acute Hospital Trust,1
Peak Valley Housing Association,1
Peabody Trust,1
Pavillions,1
Paul Wainwright Construction Services Ltd,1
Oxleas NHS Mental Trust,1
West Midlands Fire Service,1
Oxleas NHS Foundation,1
Oxleas Mental Health Trust,1
West Norfolk CCG,1
West Park Hospital,1
Oxford University Hospitals NHS Foundation Trust,1
Oxford University Hospital,1
North East London Health and Care Partnership,1
Orchard Surgery,1
North East London NHS Foundation Trust – Child & Adult Mental Health Services,1
West Quay Surgery,1
Orchard Care Homes,1
Orchard 2000 Pharmacy and General Pharmaceutical Council,1
Options for Care Ltd,1
West Mercia Constabulary,1
Wilsden Medical Practice,1
P3 Charity,1
Park View Group Practice,1
Patrick Stead Hospital,1
Patient Transport UK Ltd,1
Patient Safety Lead County Durham and Darlington NHS Foundation Trust,1
Parkhill Group of Companies,1
West London NHS Trust,1
Winchmore Hill Practice,1
Park Holiday UK Limited,1
North East London Foundation Trust Goodmayes Hospital,1
Park & Francis Surgery,1
POM-EKO,1
PLASA,1
North Devon County Council,1
PJ Care,1
PCRSteel Ltd.,1
Occupational Safety Manager,1
The Range,1
Rochcare,1
Toxbase,1
Trading Standards Institute,1
Sussex Partnership Foundation NHS Trust,1
Sussex Community NHS Foundation Trust,1
Suspension Bridge Trustees,1
Tradomi S L Transporte,1
Surrey and Borders Partnership,1
Surrey Local Highways Services Group Manager,1
Surrey Downs Clinical Commissioning Group,1
Surrey Constabulary,1
Surface Transport Transport for London,1
Trafford Council,1
Trafford County Council,1
Sunrise Care Home,1
Train Services DLR,1
Sunnyside Nursing Home,1
"Transport Manager, Reading Borough Council",1
Transport Research Laboratory,1
Suffolk Safeguarding Partnership,1
Transport and Rural Affairs at Suffolk County Council,1
Sussex Partnership Trust,1
Tower Hamlets Council,1
SubCPartner,1
Sustainable Improvement Team NHS England,1
Timperley Care Home,1
Tameside Council,1
Tameside Clinical Commissioning Group,1
Tameside Borough Council,1
Tissue Viability Nurses,1
Tadworth Grove Care Home,1
TRU,1
TPP LTD,1
TLC Nursing and Care,1
Together Housing,1
SystemOne TPP Ltd,1
Sydenham Green Group General Practice,1
Swiss Cottage Special School,1
Tonic Construction Ltd,1
Torbay and South Devon NHS Trust,1
Swanage Medical Practice,1
Sutton and Merton Community Services,1
Sutton Local Safeguarding Children’s Board,1
Sustrans,1
Suffolk Highways,1
Transport for West Midlands,1
Rochdale Adult Care,1
St Mary’s Hospital NHS Trust,1
St Marien Hospital Trust,1
St Lukes Primary Care Centre,1
"St John’s College, Oxford University",1
St John's Nursing Home,1
St Helens Clinical Commissioning Group,1
St Giles Nursing Home,1
St Giles Care Home,1
Tyne and Wear NHS Foundation Trust,1
St George’s Mental NHS Trust,1
UK Active,1
St Charles Hospital,1
UK Health Security Agency,1
St Chads Medical Practice,1
Square Sail,1
Springfield Hospital,1
Springfield Health Care Services,1
UK Home Care,1
Sports Camp Tirol,1
Spire Healthcare Limited,1
St Mary’s Health Centre,1
Tyne Housing Association,1
Stoneham Bass,1
Tynant Nursing Home,1
Trauma and Orthopaedics Surgeon,1
Stonefield Street Surgery,1
Stone Federation of GB,1
Treanor Pujol Limited,1
Stockport Metropolitan Borough Council,1
Stockport Integrated Care Partnership,1
Stockport Council,1
Treatment Direct Limited,1
Trent and Dove Social Housing,1
Tricuro,1
Tunstall Response,1
StockXS Limited,1
Twinglobe Care Homes Limited,1
Stamford Quarter Shopping Centre,1
Staffordshire Police,1
Staffordshire CCG,1
Stafford and Surrounds Clinical Commissioning Group,1
St Thomas NHS Foundation Trust,1
St Thomas Hospital,1
Tameside General Hospital NHS Trust,1
Three Sisters Care Ltd,1
Thornton and Ross Ltd,1
The Leeds and York Partnership NHS Trust,1
The Ivy Grove Surgery,1
The Royal Bolton Hospital,1
The Hub,1
The Royal Wolverhampton NHS Trust,1
"The Royal Wolverhampton, New Cross Hospital",1
The Samaritans,1
The Grange Care Centre,1
The Scout Association,1
The Glass and Glazing Federation,1
The Garage Equipment Association,1
The Forest of Marston Vale Trust,1
The Foreign Secretary,1
The Food Standards Agency,1
The Financial Conduct Authority,1
The Secretary of State for Health and Social Care,1
The Duchy of Cornwall,1
The Droylsden Road Family GP Practice,1
The Driver Vehicle Standards Agency,1
The Director General of the Security Service,1
The Lakes Care Centre,1
The Limes Sheltered Housing,1
Thornton Heath Medical Practice,1
The London Ambulance Service,1
The Prison Service,1
The Priory Hospital Cheadle,1
The Resuscitation Council UK,1
The Priority Group,1
The Princess Alexandra Hospital NHS Trust,1
The Portland Hospital,1
The Right Honourable Jeremy Hunt MP,1
The Peligoni Club,1
The Right Honourable Theresa May MP,1
The Oaks and Woodcroft Care Home,1
The Road Haulage Association,1
The Newcastle Upon Tyne Hospitals NHS Foundation Trust,1
The Roundwood Medical Centre,1
The Royal Albert Edward Infirmary,1
The National Food Crime Unit Food Standard Agency,1
The National Counter Terrorism Security Office,1
The Moat Surgery,1
The Minister of State for Crime Prevention,1
The Medical Centre,1
The Difficult Airway Society,1
The Sixth Form Colleges Association,1
The Society of Radiographers,1
The Dalmeny Hotal,1
The Association of Conservative Clubs LTD,1
"The Asset, Policy and Commissioning Manager",1
The Alexandra Hospital,1
The Alexandra Court Care Home,1
The Wallich Centre,1
The AACE,1
Thameside Prison,1
Thames Water,1
Thames Valley and Wessex Operational Delivery Networks,1
Teva UK Ltd,1
Tettenhall Medical Practice,1
Tesco Store PLC,1
Tesco PLC,1
Templemore Care Home,1
Teesside University Hospitals,1
Taunton Deane District Council,1
The Waterfield Practice,1
Tanglewood Cloverleaf Care Home,1
Thomas Cook,1
The Avenues Trust Group,1
The Village Medical Centre,1
The Beaufort Road Surgery,1
The Student Health Service,1
The Crossing Project,1
The Council of Hunting,1
The Cotswold Hunt,1
The Commissioner of City of London Police,1
The Children’s Guardian,1
The Chief of the Secret Intelligence Service,1
The Chief Executive of National Highways,1
The Castle Rock Group,1
The British Vehicle Rental and Leasing Association,1
The Bexley Medical Group,1
The British Obesity and Metabolic Surgery Society,1
The British National Formulary,1
The British Heart Foundation,1
The British Hang Gliding and Paragliding Association Ltd,1
The Brewery,1
The Borchardt Medical Centre,1
The University Hospitals of Derby and Burton NHS FT,1
The Black Country Family Practice,1
Spire Harpenden Hospital,1
UNMH,1
Spire Bristol Hospital,1
Royton & Crompton Family Practice,1
Royal Wolverhampton NHS Trust,1
Royal United Hospitals Bath NHS Foundation Trust,1
Vascular Access Society of Britain and Ireland,1
Village Nursing and Care Home,1
Royal United Hospital Bath,1
Royal Sussex County Hospital,1
Royal Surrey County Hospital NHS Trust,1
Royal Surrey County Hospital,1
Virgin Care,1
Virgin Care Services Limited,1
Volvo Group UK Limited,1
Royal Orthopeadic Hospital,1
The Queen Elizabeth Hospital,1
Royal Manchester Children’s Hospital,1
W E Rawson Ltd,1
Royal Life Saving Society UK,1
Royal Institute of British Architects,1
Royal Hampshire County Hospital,1
Royal Hallamshire Hospital,1
Royal Yachting Association,1
Rt Hon Grant Shapps MP,1
Salford Royal Hospital NHS Trust,1
Rugby Football Union ,1
Sainsburys PLC,1
Saffronland Homes limited,1
Safety Assessment Federation,1
Safehands Ltd,1
Vale Royal Area Highway Office,1
SW Yorks NHS Trust,1
SMA Medical Practice,1
Vale of Glamorgan Council,1
Vantage Drilling Company,1
SHSC,1
SE Galvanisers,1
SC Johnson and Son,1
SATH,1
Various please see PFD report,1
S & J Transport,1
Russell Hall Hospital,1
Rushcliffe Care,1
Rushcliffe,1
Rush Green Medical Centre,1
Royal Gwent Hospital,1
W M Morrisons PLC,1
Royal Free London NHS Trust,1
WISH,1
Royal Berkshire Hospital,1
Roundhouse,1
Rotherham NHS Trust,1
Rotherham Borough Council,1
Rossmere Park Care Home,1
Rossendale Nursing Home,1
Rosewood Lodge Nursing Home,1
Rosewood Healthcare Group,1
Roseland Care Home,1
Rosehill House Care Home,1
Rosedale Care Home,1
Roseberry Care Centres,1
Rose Builders and Contractors Ltd,1
Rope Green Medical Centre,1
Rookery Medical Centre,1
Roche Diagnostics Limited,1
Rochdale Heywood and Middleton Clinical Commissioning Group,1
Warwick Medical School,1
Rochdale Borough Council,1
Royal Borough of Greenwich,1
Royal Borough of Kensington and Chelsea,1
Royal Brompton Hospital,1
Walsall Manor Hospital Trust,1
Wakefield District Safeguarding Adults Board,1
Royal Docks Medical Practice,1
Royal Derby Hospital,1
Royal Cornwall Hospital Trust,1
Wales prevention of future deaths reports 2019 onwards,1
Royal College of Surgeons of England,1
Walsall Local Authority,1
Walsall MBC,1
Walsall Mental Health Partnership,1
Wanstead Place Surgery,1
Walsall Metropolitan Borough,1
Royal College of Obstetrics and Gynaecology,1
Royal College of Obstetricians,1
Royal College of Nursing and Midwifery,1
Walsall Metropolitan Borough Council,1
Wandsworth Borough Council,1
Wandsworth Consortium Drug and Alcohol Services,1
Wandsworth Merton Richmond and Sutton Borough Council,1
Salford Royal Foundation Trust,1
Urgent Health UK,1
Spire,1
South Wales Trunk Road Agent,1
South Tyneside and Sunderland NHS Trust,1
South Tyneside NHS Trust,1
NHS Suffolk,1
South Tees Hospitals NHS Foundation Trust,1
South Staffordshire and Shropshire Healthcare NHS Trust,1
South London and Maudsley NHS trust,1
South London Islamic Centre,1
University Hospital of Wales,1
South Hampshire Ambulance Service,1
South Essex Partnership Trust,1
South Eastern Railways,1
University Hospitals North Midlands NHS Trust,1
University Hospitals of Derby and Burton NHS Trust,1
Somerset NHS Trust,1
Somerset NHS Foundation Trust,1
Somerset County Council,1
Solihull Mental Health Trust,1
Social Services Truro Cornwall,1
SoS – Dept for Health,1
South Wales Fire and Rescue Service,1
South West London and St George’s Mental Health NHS Trust,1
Sandwell Borough Council,1
South West National Trust,1
Sphere Risk & Safety Management Ltd,1
Spectrum Community Health,1
Specsavers UK,1
UPS,1
URBN UK Ltd,1
United Response,1
Speaker’s Counsel for the attention of the Parliamentary Authorities at the Palace,1
Universities and Colleges Admissions Service (UCAS),1
University College Hospital,1
University College Hospital NHS Trust,1
Southampton City Council,1
South Yorkshire Police HQ,1
South Yorkshire Police,1
University College London Hospitals NHS Trust,1
University Hospital Coventry,1
South Western Ambulance NHS Foundation Trust,1
South West and St George’s Mental Health Trust,1
South West Yorkshire Partnership,1
South West Trains,1
SoS of Health and Social Care,1
University Hospitals of Morecambe Bay NHS Trust,1
SoS for Education,1
SoS for DCMS,1
Serco,1
Senior Highway Engineer for Surrey,1
Select Healthcare,1
University of North Midlands Hospital NHS Trust,1
University of South Wales,1
University of the Arts London,1
Unusual Rigging Ltd,1
Secretary for State for Health,1
Secretary for Communities and Local Government,1
Seaton and Colyton Medical Practice,1
Scottish Cycling,1
Scotia Gas Network,1
Scania,1
Upwell Street Surgery,1
Urban Housing Services,1
Sapphire House,1
Sandwell Local Authority,1
Sandwell Hospital and West Birmingham Hospital NHS Trust,1
Sandwell Council,1
Services for Children,1
Shaw Healthcare,1
Shawe Lodge,1
Sherwood Forest Hospitals NHS Foundation Trust,1
Slough Borough Council Highways Department,1
University of Birmingham,1
Slough Borough Council,1
Skillsforcare,1
Silver Birches Care Home,1
Shropshire Safeguarding Partnership,1
University of Exeter,1
Shindig Events Limited,1
Sherwood Forest Hospital Trust,1
Sheffield CCG,1
Shepherds Bush Medical Centre,1
University of Leicester Hospitals NHS Trust,1
Sheffield Hospitals NHS Trust,1
Sheffield Health and Social Care NHS Foundation Trust,1
Sheffield Council,1
University of Manchester NHS Foundation Trust,1
Sheffield Children’s NHS Trust,1
Sheffield Children’s Hospital,1
South Tyneside Council,1
Longton Police Station,1
NHS Stockport Clinical Commission Group,1
Child and Adolescent Mental Health Service East Cross Street Clinic,1
Clacton Community Practices,1
City of Bradford Metropolitan District Council,1
City and County Healthcare Group,1
City Hospitals Sunderland NHS Foundation Trust,1
Churchers Solicitors,1
Church of England,1
Church Inn,1
Christian Congregation of Jehova’s Witnesses,1
Chippenham Community Hospital,1
Chilton Care Centre,1
"Children’s Services, Haringey Council",1
Chief Medical Officer for Wales,1
Clevedon Medical Centre,1
Chief Inspector of Prisons,1
Chief Fire and Rescue Officer,1
Chief Fire Officer,1
Chief Coroner of England and Wales,1
Chief Constable of Warwickshire Police,1
Chief Constable of Lincolnshire,1
Chief Constable,1
Chester Hospital NHS Trust,1
Cheshire and Wirral Partnership NHS Foundation Trust,1
Cheshire West and Chester Council,1
Cheshire Fire and Rescue,1
Clarion Housing Group,1
Clifton Court Nursing Home,1
CWM Taff University Board,1
Connectivity and Environment,1
County Durham and Darlington NHS Foundation Trust,1
Countrywide Care Homes,1
Cornwall Partnershipship NHS Trust,1
Cornwall Health,1
Cornwall County Council,1
Cornwall Council Local Adult Safeguarding Board,1
Conway County Council,1
Consultant Psychiatrist Keats House London,1
Construction Plant Hire Association,1
Construction Industry Council,1
Constable of Lincolnshire,1
Compton Lodge Care Home,1
Clinisys UK,1
Compliance Manager,1
Commissioning and Operations Centra Midlands NHS,1
Commissioning Manager Drug and Alcohol Action Team,1
Commissioner for Highways,1
Comish Way Group Practise,1
Comfort Call Limited,1
Collingwood Nursing Home,1
College and Society of Radiographers,1
Cole Valley Care Ltd,1
Cole Valley Care Limited,1
Coed Duon Care Home,1
Cheshire Council,1
Cheshire Constabulary,1
Cherry Orchard Nursing Home,1
Canary Wharf Group PLC,1
Care Outlook Ltd,1
Care Inspectorate Wales,1
Care Inn Limited,1
Care First Homes,1
Care First Class UK Limited,1
Care Agency,1
Cardiff and Vale NHS Trust,1
Cardiff Council,1
Cardiff City Council,1
Capital Karts Trading Ltd,1
Cancer Alliance,1
Canal Trust Bath,1
Cherish Home Care,1
Canal River Trust,1
Camino Healthcare,1
Camden Council,1
Cambridgeshire and Peterborough Clinical Commissioning Group,1
Cambridgeshire County Council,1
Cambridgeshire Constabulary,1
Cambridge County Council,1
Cambian Group,1
Calderdale Royal Hospital,1
Calderdale Metropolitan Borough Council,1
Calderdale Council Highways Department,1
Care Quality Commission CQC,1
Carewatch,1
Careworld London Limited,1
Carillion,1
Chemical Business Association,1
Chelsea and Westminster Hospitals NHS Trust,1
Chelsea & Westminster Hospital,1
Chartered Institution of Waste Management,1
Charing Healthcare,1
Change Grow Live,1
Change Glow Live,1
Chair of Association of Ambulance Chief Executives,1
Ceredigion County Council,1
Central and North West London Mental Health Trust,1
Central Surgery,1
Central Northwest London NHS Foundation Trust,1
Central Medical Services,1
Central Manchester University Hospitals,1
Central Manchester NHS Trust,1
Central London Community Healthcare NHS Trust,1
Cedar Care Home,1
Catholic Standards Safeguarding Agency,1
Caterlink,1
Carralejo Fuerteventura,1
Carlton House Rest Home,1
Carlsberg Supply Co Ltd,1
Caring Homes Healthcare Group Limited,1
County Durham and Darlington NHS Trust Grosvenor Park Care Home,1
Coventry NHS Trust,1
Coventry University,1
Donneybrook Medical Centre,1
Drayton Manor Theme Park,1
Drager,1
Downham Grange Care Home,1
Dorset University NHS Trust,1
Dorset Healthcare University Hospital NHS Trust,1
Dorset Health Care University,1
Dorset County Hospital,1
Dorset County Council,1
Dorset Council Highways Department,1
Dorset Clinical Commissioning Group,1
Dorset CCG,1
Doncaster and Bassetlaw Teaching Hospitals NHS Trust,1
Devon and Cornwall Police Adult Safeguarding Team,1
Doncaster Highways Services,1
Doncaster County Council,1
Doncaster Bassetlaw Teaching Hospital,1
Divine Health Services,1
Dispensing Doctors Association,1
Disclosure and Barring Service,1
Director of Housing,1
Diprobase Bayer Public Limited,1
Diocese of Westminster,1
Dinnington Group Practice,1
Digsafe Suction Excavations Limited,1
Drug Alcohol Action Team Cornwall Council,1
Dulwich Dive Club,1
Durham County Council Highways Section,1
EAM Care Group,1
Elm Tree Court Care Home,1
Elizabeth House Oldham Limited,1
Eldercare,1
Egg London Nightclub,1
Edgware Community Hospital,1
Edgeley Medical Centre,1
Edge Hill Residential Home,1
Eden Park Surgery,1
Eastgate Residential Care Homes,1
East Sussex Health Care NHS Trust,1
East Surrey Hospital,1
East Suffolk and North Essex NHS Foundation Trust,1
East Leicestershire and Rutland Clinical Commissioning Group,1
East Leicester CCG,1
East Lancashire NHS Trust,1
East Kent University Hospitals,1
East Kent University Hospital NHS Trust,1
East Kent Hospital Foundation Trust,1
Each Step Nursing Home,1
EURO-EKO,1
ENT,1
EKO-INVEST,1
EFAS,1
Digital,1
Devon NHS Integrated Care Commission,1
Covid-19 Pandemic Response Service,1
Croydon Health Services NHS Trust,1
DD Dodds and Son Ltd,1
DAF Trucks Ltd,1
Cygnet Health Care,1
Cwm Taff University Hospital Health Board,1
Cumbria NHS Trust,1
Cumbria County Council  ,1
Cumbria County Council Highways Department,1
Cumberland Council,1
Cuerden care Homes,1
Crystal Care Limited,1
Croydon University Hospital and NHS Trust,1
Croydon Health Service,1
Devon Local Medical Committee,1
Croydon County Council,1
Croydon CCG,1
Crown Care,1
Crossroads House Care Home,1
Cross City CCG,1
Croft Shifa Health Centre,1
Crime Policing and Fire Service,1
Cricket Green Medical Practice,1
Creative Support Limited,1
Coxbench Hall Residential Home,1
Cowes Week Limited,1
DHL Supply Chain UKI,1
DVLA Medical Branch,1
DW Fitness First,1
Dairy Lane Care Centre,1
Devon Local Medical Centre,1
Devon Highways,1
Devon County Council – Adult Social Care,1
Derwent Students,1
Derbyshire County Council,1
Derbyshire Community Health Services,1
Derby and Burton NHS Foundation Trust,1
Department of Work and Pensions,1
Department of State for Social Care,1
"Department of Housing, Communities & Local Government",1
Department of Health NHS England,1
Department fr Health,1
Department for the Environment Food and Rural Affairs,1
"Department for Levelling Up, Housing and Communities",1
"Department for Foreign, Commonwealth and Development Affairs",1
Department for Community and Local Government,1
"Department for Business, Energy and Industrial Strategy",1
Denton Medical Centre,1
Delamere Medical Practice,1
David Ake & Co Solicitors,1
Darwin medical Practice,1
Dartford and Gravesend NHS Trust,1
Darlington Cattle Mart,1
Cadent Gas Ltd,1
CWM Taff Health Board,1
Elmbridge and Ewell Borough Council,1
Ashgate House Nursing Home,1
Avon and Somerset Police,1
Avon and Somerset Constabulary,1
Avon Care Home Limited,1
Avon & Wiltshire Mental Health Partnership NHS Trust,1
Avery Healthcare,1
Avenue House Nursing and Care Home,1
Audlem Medical Practice,1
Atrumed Ltd,1
Association of Police Officers,1
Association of Ambulance,1
Ashley Gardens Care Centre,1
Ashford and St Peter’s Hospitals NHS Trust,1
B & D Civil Engineering Limited,1
Ashford and St Peter’s Hospital Trust,1
Ashford and St Peter’s Hospital NHS Trust,1
Ashford and St Peter Hospital,1
Ashford Borough Council,1
Ashfield Surgery Sutton Coldfield,1
Army Headquarters,1
Arjo Huntliegh,1
Arden Court Nursing Home,1
Arboricultural Association,1
Aran Court Care Centre,1
Apple,1
Avon and Wiltshire NHS Trust,1
BEIS,1
CSS Telecare Service,1
Bannatyne Group,1
Barts and London School of Medicine and Dentistry,1
Barts Hospital NHS Trust,1
Barts Health Trust,1
Barts Health,1
Baroness Vere of Norbiton,1
Barnsley Hospital NHS Trust,1
Barnet Enfield and Haringey Mental Health NHS Trust,1
Barnet Council,1
"Barking, Havering and Redbridge University Hospital",1
"Barking, Havering & Redbridge University Hospitals NHS Trust",1
Barchester Homes,1
Banes Highways,1
BLMK Integrated Care Board,1
Banes CCG,1
Bampton Surgery,1
Balfour Beatty Route Manager,1
Balfour Beatty Living Places,1
Bailey Trailers Ltd,1
BUPA UK,1
BUPA,1
BTP Fatal Investigations Officer,1
BMI The Shelburne Hospital,1
BMI Hospitals,1
BMI Health Care,1
Antron Manor Care Home,1
Anglian Community Enterprise,1
Angel Solutions UK Limited,1
ADL PLC,1
Adbolton Hall Nursing Home,1
Adams Pharmacy,1
"Acute Mental Health Services, West London NHS Trust",1
Acorn Lodge Care Home,1
Able Care and Support Services Ltd,1
Abbotsbury Elderly Persons Home,1
Abbeyfields the Dales Ltd,1
Abbey Court Independent Hospital,1
AR1 Homecare Limited,1
AGD Equipment Limited,1
ADS,1
ADAPT,1
Aneurin University Health Board,1
ACPO,1
ABTA,1
AACE’s National Directors of Operations Group,1
A2Dominion of The Point,1
A ONE+,1
A J Way & Co Ltd,1
999 Liaison Committee,1
5 Boroughs Partnership NHS Foundation Trust Warrington,1
5 Boroughs NHS Foundation Trust,1
"3D Trans, Health and Safety Executive",1
1st For Health International,1
Addaction,1
Addcounsel,1
Adelaide Medical Centre,1
Aden Nursing Home,1
Amphenol Thermometrics UK Ltd,1
Amgen Limited,1
Amey PLC,1
Ambulance Association,1
Ambassador House Care Home,1
Alvaston Medical Centre,1
Alliance Pharmaceutical,1
Alexandra View Care Home,1
Alexandra Palace,1
Alexander House Health Centre,1
Alexander Court Care Central,1
Alex Chalk MP – Ministry of Justice,1
Al Hijrah School,1
Airedale NHS Trust,1
Air Balloon Surgery,1
Agrade Community Care Services,1
Advinia Healthcare Ltd,1
Advanced Health & Care Ltd,1
Adult and Community Services Suffolk County Council,1
Adult Social Care – Leeds City Council,1
Adult Safeguarding Civic Centre,1
Adullam Homes Housing Association,1
Adferiad Recovery,1
Barts and Whipps Trust,1
Basildon Hospital NHS Trust,1
Basildon Hospital Trust,1
British Kite Surfing Association,1
British Transport Police,1
British Transplantation Society,1
British Sub Aqua Club,1
British Standards Institution,1
British Society of Interventional Radiology,1
British Society of Gastroenterology,1
British Renal Society,1
British Parachute Association,1
British National Formulary,1
British Mountaineering Council,1
British Maternal and Fetal Medicine Society,1
British Gliding Association,1
Brace Street Health Centre,1
British Cardiovascular,1
British Cardiac Intervention Society,1
British Association of Dermatologists,1
British Association Perinatal Medicine,1
Bristol NHS Trust,1
Bristol Clinical Commissioning Group,1
Brisdoc,1
Brighton and Hove Clinical Commission Group,1
Bridgend County Borough Council,1
Brancaster Care,1
Bradford Royal Infirmary,1
British Travel Agents,1
Broadgate General Practice and General Medical Council,1
Broadlane View Care Home,1
Broadmoor Hospital,1
CRG Lead Commissioner,1
CORMAC – Cornwall Council – Highways Department,1
CNWL,1
CMHT Commissioners,1
CMF Limited,1
CLS Care Services,1
CAT,1
CAMHS,1
Byron Hamburgers,1
Bute House Surgery,1
Bury Rochdale & Oldham Clinical Commissioning Groups,1
Bury Council,1
Bury Clinical Commissioning Group,1
Burton Hospitals NHS Trust,1
Burton Croft Surgery,1
Bureau Veritas UK Ltd,1
Buckinghamshire Healthcare NHS Trust,1
Buckingham Council Children’s Services,1
Bucher Municipal Ltd,1
Brunswick Retirement Village,1
Brompton NHS Trust,1
Bromley CCG,1
Bromford Lane Nursing Home,1
Bradford Metropolitan Borough Council,1
Bowmere Hospital,1
Basildon and Thurrock University Hospital Trust,1
Beechdale Medical Group,1
Birmingham Women and Childrens Hospital NHS Foundation,1
Birmingham Prison,1
Birmingham Community NHS Trust,1
Birmingham Children’s Hospital NHS Trust,1
Betsi Cadwaladr University NHS Trust,1
Berkeley Home Health,1
Belong Village,1
Belgravia Care Home Ltd,1
Beko Plc,1
Beechwood Lodge Care Home,1
Beechdene Residential Home,1
Beech Cliffe Grange Care Homes,1
Bowden Derra Park Ltd,1
Bedfordshire Police Constabulary,1
Bedford Hospital,1
Bedford Borough Council,1
Beatson Clark,1
Bayer Plc,1
Baycroft Care Homes,1
Bausch & Lomb UK Ltd,1
Bath and North East Somerset Clinical Commissioning Group,1
Bateman Engineering Ltd,1
Bassetlaw Clinical Commissioning Group,1
Bassetlaw,1
Birmingham Women’s NHS Trust,1
Black Country NHS,1
Black Country NHS Trust,1
Black Country Pathological Service,1
Bournemouth Churches Housing Association BCHA,1
Bournemouth Borough Council,1
Bourne House,1
Bounce Til I Die,1
Borough Care Ltd,1
Borough Care Limited,1
Boots UK Ltd,1
Boots UK Limted,1
Bondcare Limited,1
Bondcare Clarendon Care Home,1
Bolton NHS Trust,1
Bolton Hospital NHS Trust,1
Boldmere Court Care Home,1
Boehringer Ingelheim Limited,1
Bodmin Road Health Centre,1
Bluebird Care (Kent),1
Bluebird Care,1
Blenheim House Care Home,1
Blatchington Mill School,1
Blaenau Gwent County Borough Council,1
Blackpool Victoria Hospital,1
Blackpool Teaching Hospital,1
Blackpool CCG,1
Elmbridge Borough Council,1
Elvy Court Nursing Home,1
NHS Southern Derbyshire CCG,1
Lean on Me Care Agency,1
Lewisham & Greenwich NHS Trust,1
Levelling up and Home Office,1
Leonard Cheshire,1
Leicestershire and Rutland Integrated Care Board,1
Leicester Partnership NHS Trust,1
Leicester NHS Trust,1
Leicester City Council,1
Leek Health Centre,1
Leeds Teaching hospitals and York Hospital Legal trust,1
Leeds Martial Arts College,1
Leeds City Council Highways Department,1
Langley Health Centre,1
Lifeskills,1
Landsec,1
Lands Estates and Property Housing and Land Directorate Greater London Authority,1
Lands End Resort,1
Landlord,1
Land Owner,1
Lancs & Cumbria Lifts UK Ltd,1
Lancashire and South Cumbria NHS Foundation Trust,1
Lancashire and South Cumbria Integrated Care Board,1
Lancashire County Council,1
Lancashire Care Foundation Trust,1
Lambton House LTD,1
Lifeshield Medical Services Limited,1
Lime Tree Surgery,1
Hylton View Care Home,1
London Borough of Lambeth,1
Long Furlong Medical Centre,1
London and South Eastern Railway,1
London Underground,1
London Royal Borough of Greenwich,1
London North Western Railways,1
London Fire Brigade,1
London Central & West Unscheduled Care Collaborative,1
London Bridge Hospital,1
London Borough of Wandsworth,1
London Borough of Redbridge Council,1
London Borough of Lewisham Adult Care Services,1
London Borough of Hounslow,1
Lincolnshire Community Health Service NHS Trust,1
Lodge Road Surgery,1
Lockfield Surgery,1
Locala,1
Local Health Board,1
Livewell South West,1
Liverpool Heart and Chest Hospital NHS Trust,1
Litch Care for Action,1
Lisson Grove Health Centre,1
Linden House Surgery,1
Lincs Firwood Co Ltd,1
Lincolnshire Hospitals NHS Trust,1
Lambton Care Home,1
Lambeth Borough Council,1
Lakeview Care Home,1
Insure and Co,1
James Paget University Hospital NHS Trust,1
JV Ltd,1
JD Wetherspoon PLC,1
Isle of Wight Highways Department,1
Isle of Wight Council,1
Islands Roads,1
Ipswich Hospital,1
Interweave,1
International Maritime Organisation,1
Intensive Care Society of England and Wales,1
Integrated Health Board NHS Sussex,1
Institution of Gas Engineers,1
Laing O’Rourke UK & Europe,1
Instastop Ltd,1
Inspector of Diving,1
Inmind Healthcare Group,1
Informa Healthcare,1
Independent Monitoring Board,1
Independent Healthcare Providers Network,1
"Independent Futures, Southwinds Care Home",1
Independence Homes Limited,1
Incarace,1
Impact Housing Association,1
Ideal Care Home Ltd,1
Jet2.com Ltd,1
Jigsaw Homes Group,1
Jigsaw Homes Tameside,1
Johnnie Johnson Housing,1
LTHTR,1
LTE Group,1
LPFT Legal Services,1
LNER,1
LEC Refrigeration,1
L&Q Group Housing,1
Kockey Road Medical Centre,1
Knowle House Surgery,1
Kingston Hospital NHS Trust,1
Kingsley Care Home,1
King Street Medical Practice,1
Kindandental,1
Kernow CCG,1
Kent and Medway NHS,1
Kent and Medway Cancer Collaborative,1
Kent and Canterbury Hospital,1
Kendray Hospital,1
Kendal Calling,1
Justice Secretary,1
Jubilee Stores,1
Jubilee Gardens Care Centre,1
Jubilee Court Nursing Home,1
Johnson and Johnson Medical Devices,1
111 Service,1
Lord Chancellor,1
Lower Clapton Group Practice,1
Minister for Prisons,1
Mitie Group,1
Mitie Care and Custody,1
Mitie Care & Custody,1
Ministry of Justice Coroners,1
Ministry of Housing Communities and Local Government,1
Ministry for Justice,1
Ministry for Housing and Local Government,1
Ministry for Defence,1
Minister of Suicide Prevention,1
Minister of State for Prisons,1
Minister of State for Disabled People Health and Work,1
Minister for Health and Social Services,1
Mid Cheshire Hospitals NHS Foundation Trust,1
Minister for Health Welsh Assembly Government,1
Minister for Health,1
Millbrook Healthcare Limited,1
Mill View Nursing Home,1
Military Aviation Authority,1
Milford House Care Home,1
Milestones Trust,1
Midwifery and Maternity Portsmouth Hospitals NHS Trust,1
Midlands and Lancashire Commissioning Support Unit,1
Midgehole Working Mens Club,1
Mid Essex CCG Trust,1
Monmouth County Council,1
Monmouthshire County Council,1
Moorfields Eye Hospital NHS Foundation Trust,1
Morton Hall Immigration Removal Centre,1
NHS Professionals Ltd,1
NHS Professionals Limited,1
NHS Oldham CCG,1
NHS Northern Eastern and Western Devon CCG,1
NHS Kernow,1
NHS Hardwick CCG,1
NHS Hardwick,1
NHS England: Wales and Scotland,1
NHS England: Department of Health,1
NHS England NHS Improvements,1
NHS England CCG,1
NHS East Leicestershire and Rutland CGC,1
NHS Care Commissioning Group,1
NHS Calderdale CCG,1
NHS Blood and Transplant,1
NHS 111,1
NEAS NHS Trust,1
NEAS Foundation Trust,1
NAViGO Grimsby,1
Mylan Pharmaceuticals,1
My The Orchards Ltd,1
My Care Ltd,1
Motor Cross Federation,1
Mid Cheshire NHS Trust,1
Merthyr Tydfil County Borough Council,1
Ludlow Street Healthcare,1
Managing Director of Cegedim,1
Maria Mallaband Care Group,1
Marble Ideas Ltd,1
Mansfield and Ashfield,1
Manor Field Surgery,1
Manchester University Foundation Trust MFT,1
Manchester United Football Club Digital Culture Media and Sport,1
Manchester Royal Infirmary,1
Manchester Police,1
Manchester City Council,1
Manchester CCG,1
Manchester Airport Group,1
Maidstone and Tunbridge Wells NHS Foundation Trust,1
Merseyside Police,1
Magenta Living Support Link,1
Maesteg Comprehensive School,1
MRHA,1
MK together Partnership,1
MIRUS Wales,1
MAC Skip Hire Limited,1
M C Federation,1
M & S Water Services,1
Lynmere Nursing home,1
Luton & Dunstable University Hospital NHS Trust,1
Luton & Dunstable NHS Trust,1
Maritime & Coastguard Agency,1
Marks and Spencer,1
Masta Limited,1
Maurice Mason Ltd,1
Merseyside Passenger Transport Authority,1
Mersey Care NHS Trust,1
Merlin Entertainment Limited,1
Mercedes-Benz,1
Melbourne Ambulance Station,1
Medway Community Healthcare,1
Medicspro,1
Medico Legal Manager,1
Medicines and Healthcare products Regulation Agency,1
Medicine and Health Care Products Regulatory Agency,1
Medical Officer Welsh Government,1
Medical Director Leeds Teaching Hospitals NHS Trust,1
Medical Centre Stalybridge,1
Medical Care Council,1
Medica Reporting Service,1
Medica Reporting Ltd,1
Media City UK,1
MedPure Healthcare,1
Meade Close Care Home,1
Meadbank Care Home,1
Mayor of Greater Manchester,1
Maylands Health Care,1
Mayday Group,1
Hywel Dda Health Board,1
Hurst Hall Care Centre,1
Emergency Call Prioritisation Advisory Group,1
Gloucestershire Police,1
Grasmere Surgery,1
Grange Clinic,1
Grange Care Home,1
Govia Thameslink Railways,1
Govia Thameslink Railway Ltd,1
Governor HMP Hewell,1
Government Legal Department,1
Goodmayes Hospital NHS Trust,1
Goodmayes Hospital Foundation Trust,1
Goodmayes Hospital,1
Goals Soccer Centres PLC,1
Gloucestershire Clinical Group,1
Great Ormond Street Hospital,1
Gloucestershire Clinical Commissioning Group,1
Globe Court Care Home,1
Glenroyd Medical Practice,1
Glenholme Holdingham Grange Care Home,1
Glebelands Care Team,1
Glangwili General Hospital,1
"George Eliot Hospital NHS Trust, Nuneaton, Warwickshire",1
General Dental Council,1
General Council,1
General Chiropractic Council,1
Gateshead Health Foundation Trust,1
Grassy Meadow Care Centre,1
Great Ormond Street Hospital NHS Trust,1
Hunters Lodge Care Home,1
Gwynedd Council,1
HMP Dartmoor,1
HMP Berwyn,1
HM Prison Pentonville,1
HM Prison Leeds,1
HM Prison Cardiff,1
HM Prison Bedford,1
HM Inspectorate of Probation,1
HICA Group,1
HCA Health Care UK,1
HC One Limited,1
H R Healthcare Limited,1
Gwern Alyn House Residential Home,1
Great Western Railway,1
Gwent Police,1
Guinness Care,1
Greenbrook Healthcare,1
Green Porch Medical Centre,1
Greater Manchester Stroke Operational Delivery Network,1
Greater Manchester Mental Health and Social Care,1
Greater Manchester Mental Health NHS Foundation Trust GMMH,1
Greater Manchester Mental Health & Social Care Trust,1
Greater Manchester Mental Health,1
Greater Manchester Medicines Management Group,1
Greater Manchester Fire and Rescue Service,1
Gas Safe Network,1
GRS Recovery,1
GP Surgery Parkway Health Centre,1
Essex Community Rehabilitation Company,1
Fernlea Nursing Home,1
Fern House Surgery,1
Federation of Piling Specialists,1
Farnham Medical Centre,1
Fairfield View Care Centre,1
FCO,1
FA Group,1
Exeter University,1
Exeter Prison,1
Excel Care,1
Essex Highways,1
Epsom General Hospital,1
GP Practice Orchard Surgery,1
Environmental Services Associations,1
Environment Agency,1
England Boxing,1
Enfield Clinical Commissioning Group,1
Endless Street Surgery,1
Emsworth Surgery,1
Emral House Nursery Home,1
Emirates Airlines,1
Emergency Preparedness Resilience and Response,1
Emergency Operation Centre Norwich,1
Emergency Call Prioritisation Advisory Group ECPAG,1
"Festival Republic, Leeds City Council",1
Fire Officers Association,1
First Aid Cover Limited,1
First Class Care,1
GMC Fitness to Practise Team,1
GE Healthcare,1
G4S Medical Services,1
G45,1
Future Care & Social Care Association,1
Friendship Care and Housing Limited,1
Fremington Medical Centre,1
Fremantle Trust,1
Free the Way,1
Foxhound Association,1
Four Seasons Healthcare,1
Four Seasons Health Care,1
Forward Trust,1
Forestry Commission,1
Foreign and Commonwealth Office,1
Foreign Office,1
Football Association,1
Flintshire County Council,1
Fitzalan Medical Group,1
Fisher and Paykel,1
First Response Group,1
First Port Retirement Property Services Limited,1
First Mainline,1
HMP Elmley,1
HMP Garth,1
HMP Grendon,1
Heritage Attractions Ltd,1
Highways Department Birmingham City Council,1
"Highways Authority, Cornwall Council",1
Highways Agency Essex County Council,1
Highlands and Trafalgar Square Surgery,1
Highgrove Rest Home,1
High St Surgery,1
High Commissioner for Saint Lucia to the UK,1
Heywood Health,1
Hewett School,1
Herts Urgent care Limited,1
Hertfordshire Trading Standards,1
Herefordshire and Worcestershire Healthy Minds,1
Health and Communities Wakefield,1
Herefordshire Clinical Commission Group,1
Herefordshire & Worcestershire Health and Care NHS Trust,1
Hereford County Hospital,1
Heaton Norris Health Centre,1
Heaton Moor Medical Group,1
Heaton Moor Medical Centre,1
Heaton Medical Centre,1
Heathrow Airport,1
Heathcotes Group,1
Healthcare UK&I,1
Healthcare Management Solutions Ltd,1
Highways Department – Salford City Council,1
Highways England National Traffic Operations Centre,1
Highways Infrastructure Development and Waste,1
"Highways and Infrastructure, Birmingham City Council",1
Humber Bridge Board,1
Human Race Limited,1
Human Kind Charity,1
Hull and East Riding NHS Trust The Local Medical Committee,1
Hull University Teaching Hospitals NHS Trust,1
Hull Combined Court Centre,1
Housing of Vulnerable People Building Safety,1
Hounslow Borough Council,1
Hoults Limited,1
Hospital NHS Trust Derriford Hospital,1
Hopwood House Medical Practice,1
Honda UK,1
Homerton University NHS Trust,1
Home Farm Trust Limited,1
Home Care Support Limited,1
Holy Cross Hospital,1
Holmleigh Care Homes Ltd,1
Holmes Care Group Limited,1
Hirst Electrical Plant Hire Services UK Ltd,1
Hindley Health Centre Pharmacy,1
Hilton Hotel,1
Hillingdon Council,1
Hillbrook Grange Residential Care Home,1
Healthcare Care UK,1
Health and Care Professions Council,1
HMP Guys Marsh Prison,1
HMP Swaleside,1
Hainault Surgery,1
HSE Soilmec Limited,1
HSE Local Government Association,1
HSE Department for Works and Pensions,1
HSE Department for Business and Energy and Industrial Strategy,1
HMYOI Cookham Wood,1
HMRC,1
HMPS,1
HMP YOI Glen Parva,1
"HMP Woodhill,",1
HMP Usk,1
HMP Stoke Heath,1
Health Inspectorate Wales,1
HMP Stoke,1
HMP Ryehill,1
HMP Ranby,1
HMP Nottingham,1
HMP Lowdham Grange,1
HMP Liverpool,1
HMP Leicester,1
HMP Lancaster Farms,1
HMP Humber,1
HMP Highpoint,1
HMP High Down,1
Halfords Group PLC,1
Halton Clinical Commissioning Group,1
Hamerton Zoological Park,1
Hamilton Community Homes Ltd,1
Health Education and Improvement Wales,1
Head of the Roman Catholic Church of England and Wales,1
Head of Safeguarding,1
Head of Healthcare HMP Leeds,1
Hazelmere Medical Centre,1
Haywood Hospital,1
Havering Highways,1
Haven Day Care Centre,1
Haulage Contractors Limited,1
Haughton Thornley Medical Centres,1
Hart Care Nursing and Residential Home,1
Harrogate & Rural District Clinical Commissioning Group,1
Harden & Bingley Park Ltd,1
Harbour Healthcare Limited,1
Harbour Healthcare,1
Harbour Health Care Limited,1
Hands of Light Academy,1
Hampshire Police Constabulary,1
Hampshire Police,1
Hampshire NHS Trust,1
Hampshire Highways,1
Hampshire Constabulary Police,1
Hampshire & Isle of Wight Constubulary,1
Zinnia Healthcare Limited,1
